{
	"parent": "simplehats:item/hatparent",
	"texture_size": [64, 64],
	"textures": {
		"1": "simplehats:item/hats/special"
	},
	"overrides":[
	{"predicate": {"custom_model_data": 1},
      "model": "simplehats:item/acornhat"},
	{"predicate": {"custom_model_data": 2},
      "model": "simplehats:item/burgerhat"}
	],
	"elements": [
		{
			"from": [0, 0, 2],
			"to": [16, 16, 18],
			"faces": {
				"north": {"uv": [0, 0, 4, 4], "texture": "#1"},
				"east": {"uv": [0, 4, 4, 8], "texture": "#1"},
				"south": {"uv": [4, 0, 8, 4], "texture": "#1"},
				"west": {"uv": [4, 4, 8, 8], "texture": "#1"},
				"up": {"uv": [4, 12, 0, 8], "texture": "#1"},
				"down": {"uv": [12, 0, 8, 4], "texture": "#1"}
			}
		},
		{
			"from": [6, 6, 18],
			"to": [10, 10, 22],
			"faces": {
				"north": {"uv": [10, 4, 11, 5], "texture": "#1"},
				"east": {"uv": [10, 5, 11, 6], "texture": "#1"},
				"south": {"uv": [10, 6, 11, 7], "texture": "#1"},
				"west": {"uv": [10, 7, 11, 8], "texture": "#1"},
				"up": {"uv": [9, 11, 8, 10], "texture": "#1"},
				"down": {"uv": [11, 8, 10, 9], "texture": "#1"}
			}
		},
		{
			"from": [7, 16, 6],
			"to": [8, 28, 14],
			"rotation": {"angle": 22.5, "axis": "z", "origin": [8, 16, 6]},
			"faces": {
				"north": {"uv": [9, 10, 9.25, 13], "texture": "#1"},
				"east": {"uv": [4, 8, 6, 11], "texture": "#1"},
				"south": {"uv": [10, 9, 10.25, 12], "texture": "#1"},
				"west": {"uv": [8, 4, 10, 7], "texture": "#1"},
				"up": {"uv": [10, 12, 9.75, 10], "texture": "#1"},
				"down": {"uv": [10.5, 9, 10.25, 11], "texture": "#1"}
			}
		},
		{
			"from": [8, 16, 6],
			"to": [9, 28, 14],
			"rotation": {"angle": -22.5, "axis": "z", "origin": [8, 16, 6]},
			"faces": {
				"north": {"uv": [9.25, 10, 9.5, 13], "texture": "#1"},
				"east": {"uv": [6, 8, 8, 11], "texture": "#1"},
				"south": {"uv": [9.5, 10, 9.75, 13], "texture": "#1"},
				"west": {"uv": [8, 7, 10, 10], "texture": "#1"},
				"up": {"uv": [10.75, 11, 10.5, 9], "texture": "#1"},
				"down": {"uv": [11, 9, 10.75, 11], "texture": "#1"}
			}
		}
	]
}