{
	"parent": "simplehats:item/hatparent",
	"texture_size": [64, 64],
	"textures": {
		"0": "simplehats:item/hats/special"
	},
	"elements": [
		{
			"from": [0.5, 0, 0.5],
			"to": [15.5, 5, 15.5],
			"faces": {
				"north": {"uv": [3.75, 6.5, 7.5, 7.75], "texture": "#0"},
				"east": {"uv": [7, 0, 10.75, 1.25], "texture": "#0"},
				"south": {"uv": [7, 1.25, 10.75, 2.5], "texture": "#0"},
				"west": {"uv": [7, 2.5, 10.75, 3.75], "texture": "#0"},
				"up": {"uv": [3.75, 3.75, 0, 0], "texture": "#0"},
				"down": {"uv": [3.75, 3.75, 0, 7.5], "texture": "#0"}
			}
		},
		{
			"from": [1.5, 5, 1.5],
			"to": [14.5, 6, 14.5],
			"faces": {
				"north": {"uv": [7, 3.75, 10.25, 4], "texture": "#0"},
				"east": {"uv": [7, 4, 10.25, 4.25], "texture": "#0"},
				"south": {"uv": [7, 4.25, 10.25, 4.5], "texture": "#0"},
				"west": {"uv": [7, 4.5, 10.25, 4.75], "texture": "#0"},
				"up": {"uv": [7, 3.25, 3.75, 0], "texture": "#0"},
				"down": {"uv": [7, 3.25, 3.75, 6.5], "texture": "#0"}
			}
		},
		{
			"from": [7, 6, 7],
			"to": [9, 10, 9],
			"faces": {
				"north": {"uv": [7, 4.75, 7.5, 5.75], "texture": "#0"},
				"east": {"uv": [0, 7.5, 0.5, 8.5], "texture": "#0"},
				"south": {"uv": [0.5, 7.5, 1, 8.5], "texture": "#0"},
				"west": {"uv": [1, 7.5, 1.5, 8.5], "texture": "#0"},
				"up": {"uv": [7.5, 6.25, 7, 5.75], "texture": "#0"},
				"down": {"uv": [2, 7.5, 1.5, 8], "texture": "#0"}
			}
		}
	],
	"display": {
		"head": {
			"translation": [0, 11.25, 0]
		}
	}
}